variant,roc_auc,avg_precision
v3_context_enhanced,0.8087618529187235,0.3289428439889754
v4_freeze_geometry,0.8076410895239305,0.3280594268106021
v2_full_baseline,0.8058122398856371,0.318068734791152
v8_balanced_ridge,0.8005722914840765,0.3199257926048819
v6_balanced_clustered,0.8005681466612019,0.3196940814260641
v5_interpretable_clustered,0.7856095425862293,0.31429228181196023
v7_interpretable_ridge,0.7856090327072249,0.3144067963812464
v1_spatial,0.7768024601102741,0.2902963497803989
v0_phase_only,0.6793463130764327,0.12894378482841204
